<?xml version="1.0" encoding="UTF-8"?>
<project-private xmlns="http://www.netbeans.org/ns/project-private/1">
    <editor-bookmarks xmlns="http://www.netbeans.org/ns/editor-bookmarks/2" lastBookmarkId="0"/>
    <open-files xmlns="http://www.netbeans.org/ns/projectui-open-files/2">
        <group>
            <file>file:/C:/Users/inf2065_usr/Documents/16118225/A10_Assignment/src/bg/unwe/Course.java</file>
            <file>file:/C:/Users/inf2065_usr/Documents/16118225/A10_Assignment/src/bg/unwe/Student.java</file>
            <file>file:/C:/Users/inf2065_usr/Documents/16118225/A10_Assignment/src/bg/unwe/Main.java</file>
            <file>file:/C:/Users/inf2065_usr/Documents/16118225/A10_Assignment/src/bg/unwe/Person.java</file>
        </group>
    </open-files>
</project-private>
